month,goal17ConversionRate,goal17Completions
03,0.2742800149607281,22
04,0.6419687040256787,48
05,0.9378031691279508,87
06,0.38204393505253104,40
07,0.4392685667586066,43
08,0,0
