month,goal13ConversionRate,goal13Completions
03,0.2244109213315048,18
04,0.6018456600240738,45
05,0.4742912579497683,44
06,0.29608404966571156,31
07,0.2758197977321483,27
08,0,0
